patient_id,age,gender,region,bmi,blood_pressure,cholesterol,glucose,disease_risk
P00001,57.0,Male,North,23.0,107.4,180.3,110.2,0
P00002,48.0,Male,North,,137.1,235.2,93.1,0
P00003,60.0,Female,North,32.0,127.0,204.8,102.8,0
P00004,73.0,Female,South,23.5,118.6,235.9,,1
P00005,,Male,West,16.6,109.6,,95.3,0
P00006,46.0,Female,East,29.1,111.2,222.8,97.4,1
P00007,74.0,Male,,22.8,152.7,247.2,94.7,1
P00008,62.0,Female,North,20.1,122.0,235.9,124.3,1
P00009,43.0,Female,West,,133.7,151.8,443.9,0
P00010,58.0,Female,South,25.1,110.1,181.1,105.5,0
P00011,,Female,,,110.3,177.9,,0
P00012,,Female,East,15.0,138.2,207.1,372.0,0
P00013,54.0,Male,North,30.5,101.8,214.0,122.5,0
P00014,21.0,Female,South,32.4,115.8,160.6,100.9,0
P00015,24.0,Male,South,29.3,122.5,192.4,116.5,1
P00016,42.0,Female,West,20.3,123.7,119.3,144.2,1
P00017,35.0,Female,South,25.0,119.3,240.5,126.0,0
P00018,55.0,Female,East,26.0,127.9,172.1,102.3,1
P00019,36.0,Male,,29.0,132.4,192.0,87.2,1
P00020,29.0,Female,North,,133.0,179.2,60.0,0
P00021,72.0,Female,North,22.3,107.2,230.1,382.7,1
P00022,47.0,Female,South,26.4,117.7,100.0,,1
P00023,51.0,Male,South,28.3,139.9,189.4,109.8,0
P00024,29.0,Male,South,33.3,135.4,186.3,96.2,0
P00025,42.0,Male,West,29.5,101.4,174.1,92.0,0
P00026,,Male,East,29.9,127.3,250.4,60.0,1
P00027,33.0,Female,East,26.4,92.3,158.9,76.5,0
P00028,56.0,Male,South,,122.7,217.0,111.9,1
P00029,41.0,,West,28.0,150.5,202.5,142.9,1
P00030,46.0,Male,West,21.7,234.1,234.2,,0
P00031,41.0,Male,West,33.0,109.5,166.6,108.2,1
P00032,78.0,Female,North,69.7,133.5,164.3,123.8,1
P00033,,Female,East,23.8,98.9,47.0,79.7,0
P00034,34.0,Male,North,,112.5,204.9,109.2,1
P00035,62.0,Female,North,27.5,130.9,,81.5,0
P00036,32.0,Female,North,28.3,112.5,171.1,121.6,1
P00037,53.0,Male,East,,118.5,203.5,103.8,0
P00038,21.0,Female,East,27.6,133.2,219.3,107.5,0
P00039,30.0,,North,34.5,128.3,166.2,80.4,0
P00040,,Female,South,31.4,126.0,100.0,117.7,0
P00041,61.0,Male,South,27.0,116.9,208.3,152.1,1
P00042,53.0,Female,South,30.7,127.6,61.5,74.8,0
P00043,48.0,Male,North,20.8,120.1,119.4,,0
P00044,45.0,Male,South,28.0,128.9,100.0,105.8,0
P00045,28.0,Male,East,35.0,114.5,218.5,119.7,0
P00046,39.0,Male,North,24.9,119.3,194.5,86.0,1
P00047,43.0,Female,North,21.8,107.2,182.1,60.0,0
P00048,66.0,Female,,22.7,121.5,238.6,134.0,1
P00049,55.0,Female,West,20.6,109.8,212.3,119.0,0
P00050,24.0,Male,East,22.1,105.3,246.6,60.0,1
P00051,55.0,Male,East,10.7,125.9,141.3,84.8,0
P00052,44.0,Male,South,19.0,125.2,188.8,139.2,0
P00053,40.0,Female,East,26.1,133.7,133.4,136.2,1
P00054,,,North,30.5,115.5,182.0,,1
P00055,,Female,East,21.5,128.1,181.3,,1
P00056,64.0,Female,West,33.6,130.3,211.9,102.1,1
P00057,37.0,Male,East,28.6,128.7,191.6,96.7,0
P00058,,Female,West,31.2,109.6,211.8,128.2,1
P00059,55.0,Male,East,22.7,124.2,214.6,78.1,0
P00060,65.0,Female,North,30.3,127.5,265.4,79.9,1
P00061,43.0,Female,,20.5,122.1,179.0,,0
P00062,47.0,Male,North,30.5,90.7,157.1,98.9,1
P00063,33.0,Male,South,26.9,124.4,198.6,134.5,1
P00064,32.0,Female,North,28.8,155.2,161.9,83.2,0
P00065,62.0,Female,North,20.1,116.6,241.9,98.6,1
P00066,70.0,Male,South,21.5,111.1,180.1,76.9,0
P00067,49.0,Female,North,29.0,127.6,170.2,100.2,1
P00068,65.0,Female,South,21.3,126.7,,63.0,0
P00069,55.0,Female,East,28.3,139.9,215.1,87.8,0
P00070,,Male,North,19.2,103.1,184.5,64.1,0
P00071,55.0,Female,North,30.2,133.0,167.5,117.3,0
P00072,73.0,Female,East,19.8,130.9,248.3,117.9,1
P00073,49.0,Male,South,28.8,119.9,160.0,60.0,0
P00074,73.0,Male,,29.1,127.1,191.2,,1
P00075,18.0,Female,East,22.5,137.4,212.8,162.4,1
P00076,62.0,Male,West,28.9,135.1,132.9,101.2,0
P00077,51.0,Female,East,27.3,104.9,206.8,84.0,1
P00078,46.0,Male,South,23.3,134.3,153.1,170.6,1
P00079,51.0,Male,East,21.0,121.0,218.8,67.0,1
P00080,20.0,Female,North,16.2,123.1,,100.5,0
P00081,47.0,Male,South,27.7,123.1,214.2,104.5,1
P00082,,Female,East,18.2,119.7,228.7,133.6,0
P00083,72.0,Male,South,26.5,139.9,220.2,109.0,1
P00084,42.0,Female,East,24.7,120.7,198.8,,0
P00085,38.0,Male,West,29.4,105.2,181.9,76.2,0
P00086,42.0,Male,West,24.5,116.1,169.8,91.5,0
P00087,64.0,Female,West,24.4,124.7,241.5,74.8,1
P00088,,Male,South,29.7,140.4,165.5,101.2,1
P00089,,Female,South,27.7,131.0,153.7,356.8,0
P00090,58.0,Male,East,27.6,259.8,213.3,62.6,0
P00091,51.0,Female,South,28.3,159.3,162.1,131.4,1
P00092,,Male,East,18.3,126.0,156.7,87.6,0
P00093,39.0,Female,East,29.8,141.1,,68.3,0
P00094,45.0,,,,119.7,173.1,,0
P00095,44.0,Male,South,20.9,130.0,187.1,101.7,1
P00096,28.0,Male,North,24.8,134.6,198.5,60.0,0
P00097,54.0,Male,South,25.8,140.3,223.3,108.3,1
P00098,54.0,Female,,25.3,137.9,208.4,73.8,1
P00099,50.0,Male,West,27.7,135.1,183.3,142.8,1
P00100,,Female,South,33.2,117.3,,113.1,0
P00101,29.0,Male,North,,113.4,207.9,90.0,1
P00102,44.0,Male,North,19.4,127.0,234.5,81.4,1
P00103,45.0,Female,East,29.1,136.0,194.4,97.4,0
P00104,38.0,Female,East,,118.7,173.6,,0
P00105,48.0,Male,South,27.9,138.0,155.2,,1
P00106,56.0,Male,North,31.5,143.8,139.4,94.6,0
P00107,78.0,Male,South,36.1,108.3,213.3,101.5,0
P00108,53.0,Female,South,31.1,109.4,210.2,,0
P00109,54.0,Female,East,,119.9,210.2,91.4,0
P00110,49.0,Male,East,31.2,126.6,185.5,60.0,0
P00111,21.0,Female,South,26.7,114.1,239.2,124.3,0
P00112,50.0,Female,North,26.1,142.3,173.1,107.5,1
P00113,51.0,Female,West,24.2,128.4,223.4,394.8,1
P00114,87.0,Female,South,,122.6,188.6,147.5,1
P00115,47.0,Male,East,21.9,100.5,168.7,102.2,1
P00116,55.0,Male,North,33.7,102.3,210.7,,1
P00117,49.0,Male,South,28.5,126.2,204.3,121.4,1
P00118,32.0,Male,North,19.0,90.0,202.5,110.0,0
P00119,67.0,Female,South,27.8,137.2,192.8,109.9,0
P00120,61.0,Female,West,15.5,119.6,188.7,89.4,1
P00121,62.0,,South,29.1,170.6,273.6,111.3,1
P00122,36.0,Male,North,69.1,156.6,231.4,93.5,1
P00123,71.0,Male,North,23.0,119.3,215.3,113.9,1
P00124,29.0,Female,South,,120.4,193.9,60.0,0
P00125,59.0,Male,North,35.8,136.9,225.3,89.2,1
P00126,83.0,Female,North,,147.5,208.1,143.1,1
P00127,35.0,Male,East,20.7,97.4,190.9,,0
P00128,42.0,Male,South,33.4,95.2,179.4,84.9,0
P00129,51.0,Female,North,35.8,112.7,187.2,88.8,0
P00130,42.0,Female,West,26.0,276.1,100.0,69.6,0
P00131,27.0,Male,North,31.1,129.5,197.4,60.0,0
P00132,51.0,Female,West,,138.0,172.9,94.2,0
P00133,34.0,Female,South,22.3,104.0,58.2,103.4,0
P00134,57.0,Female,West,23.6,87.3,190.7,98.7,1
P00135,36.0,Male,East,32.2,134.9,148.4,96.4,1
P00136,73.0,Female,West,34.4,109.6,188.3,101.1,0
P00137,,Male,West,28.8,91.7,153.4,125.6,0
P00138,,Female,North,21.6,124.2,206.6,95.2,0
P00139,62.0,Male,West,35.9,133.9,,85.6,1
P00140,32.0,Male,South,23.3,120.2,,93.0,1
P00141,53.0,Male,South,24.3,115.1,,114.5,1
P00142,70.0,Female,South,27.7,119.6,191.2,135.3,1
P00143,26.0,Male,South,,116.4,142.2,84.3,1
P00144,53.0,Female,North,,101.8,214.6,102.5,0
P00145,54.0,Female,East,28.1,111.3,208.2,108.5,0
P00146,62.0,Male,South,28.3,129.8,207.4,75.2,0
P00147,31.0,Female,East,,126.8,190.1,100.5,0
P00148,30.0,Male,West,28.8,124.5,204.5,63.4,0
P00149,58.0,Female,South,13.4,107.1,,60.0,0
P00150,54.0,Male,South,24.5,119.3,180.0,109.2,0
P00151,54.0,,North,27.2,89.3,194.9,90.4,0
P00152,55.0,Female,North,20.2,124.7,152.0,105.1,1
P00153,,Female,North,27.9,143.4,159.6,99.6,0
P00154,,Female,South,25.0,99.9,,75.6,0
P00155,54.0,,North,34.8,113.2,228.6,,1
P00156,39.0,Female,West,33.9,126.9,181.0,69.2,0
P00157,78.0,Female,East,23.7,140.8,,134.8,1
P00158,57.0,Female,South,25.2,115.3,175.8,66.1,0
P00159,32.0,,East,25.6,111.6,171.3,,0
P00160,60.0,Female,North,23.7,92.5,200.3,73.9,0
P00161,35.0,Female,South,27.0,123.6,137.6,114.3,0
P00162,62.0,Female,East,22.2,152.6,234.8,91.7,1
P00163,67.0,Male,South,20.3,126.2,166.7,87.0,1
P00164,38.0,Female,South,29.1,121.7,215.3,121.3,1
P00165,64.0,Male,West,29.1,126.8,145.6,100.7,1
P00166,56.0,Female,West,22.0,121.8,213.4,112.9,1
P00167,62.0,Male,East,30.5,109.8,213.5,75.5,1
P00168,78.0,Female,East,22.8,134.3,,64.9,1
P00169,46.0,Female,East,27.3,125.4,155.2,102.7,0
P00170,39.0,Male,North,30.1,122.3,198.7,92.0,1
P00171,,Female,South,25.8,107.4,148.6,115.7,1
P00172,38.0,Male,North,,141.6,181.2,98.0,1
P00173,49.0,Female,South,23.4,132.0,226.0,105.1,1
P00174,55.0,Female,South,25.0,113.7,217.9,60.0,0
P00175,54.0,Female,North,25.0,137.0,190.5,147.2,1
P00176,62.0,Female,West,22.3,114.5,456.9,95.9,0
P00177,50.0,Female,West,25.1,110.3,212.6,117.4,0
P00178,72.0,Male,East,18.3,110.6,190.7,79.1,0
P00179,46.0,Male,South,23.5,95.4,108.8,107.7,0
P00180,90.0,Female,,24.6,129.1,411.2,67.4,1
P00181,59.0,Female,North,24.7,94.5,189.2,111.3,1
P00182,37.0,Female,East,24.8,103.6,232.1,91.1,0
P00183,34.0,,North,25.7,90.9,427.6,100.7,0
P00184,57.0,Male,East,28.4,120.7,100.0,117.4,0
P00185,47.0,Female,North,30.4,119.7,199.8,69.2,1
P00186,61.0,Male,West,22.8,117.1,200.2,82.9,0
P00187,57.0,Female,,20.0,106.4,130.8,111.4,0
P00188,49.0,Male,North,20.8,104.4,155.8,152.5,0
P00189,37.0,Male,South,23.6,129.0,286.4,96.5,1
P00190,27.0,Male,West,24.2,113.7,179.3,114.8,0
P00191,43.0,Male,South,,126.7,215.6,97.3,1
P00192,63.0,Female,West,19.5,108.7,167.2,148.6,0
P00193,53.0,Male,East,23.7,124.7,116.8,60.0,0
P00194,31.0,Male,South,26.9,141.5,184.0,102.4,1
P00195,53.0,,North,29.0,130.8,180.7,60.0,0
P00196,56.0,Male,North,23.2,115.8,176.0,,0
P00197,37.0,Male,,23.9,125.9,186.0,107.4,1
P00198,52.0,Male,South,21.4,118.4,199.2,103.5,0
P00199,51.0,Female,South,,122.1,184.7,92.9,0
P00200,33.0,,South,,117.1,145.8,97.3,1
P00201,55.0,Female,East,28.9,119.5,207.0,177.5,1
P00202,58.0,Male,West,17.1,125.2,121.8,93.5,1
P00203,,Male,West,24.2,107.1,,112.8,0
P00204,66.0,Female,,27.5,106.8,215.9,83.8,1
P00205,29.0,Female,West,26.9,101.2,,107.4,0
P00206,36.0,Male,East,39.5,98.0,188.0,94.0,0
P00207,58.0,Male,East,27.7,103.7,141.2,89.7,0
P00208,58.0,Male,West,21.0,124.4,165.2,145.5,1
P00209,58.0,Male,North,25.5,108.6,180.8,432.0,0
P00210,90.0,,North,17.1,129.7,,103.4,0
P00211,59.0,Female,West,25.6,122.5,164.1,60.0,0
P00212,67.0,Female,South,21.8,92.5,212.8,91.0,1
P00213,64.0,Female,West,30.6,131.8,240.0,167.6,1
P00214,60.0,Female,West,23.3,134.2,175.3,94.2,0
P00215,45.0,,North,25.4,107.1,216.5,127.6,1
P00216,61.0,Female,West,8.7,128.3,123.0,,0
P00217,38.0,Female,South,34.7,109.2,213.1,105.5,0
P00218,46.0,Male,South,24.4,123.5,161.9,79.0,0
P00219,43.0,Male,East,35.2,103.0,200.8,60.0,0
P00220,51.0,Male,West,30.1,95.1,181.3,117.1,0
P00221,85.0,Female,North,28.4,116.3,236.2,79.6,0
P00222,22.0,Female,South,27.8,120.1,159.4,104.4,0
P00223,60.0,Male,East,28.0,116.0,212.0,68.8,0
P00224,26.0,Female,East,16.4,104.2,180.2,,0
P00225,43.0,Male,East,24.6,116.0,414.1,100.8,1
P00226,66.0,Female,North,,126.0,183.6,106.7,1
P00227,51.0,Male,North,25.8,121.3,160.4,,0
P00228,34.0,Male,South,,124.7,189.5,129.9,1
P00229,39.0,Male,West,25.7,111.9,187.8,85.1,1
P00230,60.0,Male,North,34.5,139.6,198.4,60.0,0
P00231,39.0,Male,North,32.2,104.4,193.0,97.3,0
P00232,53.0,Male,West,25.7,129.3,217.9,100.9,1
P00233,51.0,Female,North,,236.0,222.3,,1
P00234,40.0,Female,West,24.2,129.2,153.2,134.1,0
P00235,,,East,17.5,119.0,220.4,94.1,1
P00236,60.0,Female,West,21.4,114.1,148.5,97.0,0
P00237,20.0,Female,North,33.8,137.5,210.6,72.4,0
P00238,53.0,Male,North,24.6,100.7,211.7,120.5,1
P00239,40.0,Male,East,24.8,107.4,123.1,104.6,0
P00240,63.0,Male,West,24.5,116.0,193.3,89.5,0
P00241,38.0,Male,East,35.5,140.6,173.6,60.0,1
P00242,48.0,Female,North,9.3,127.7,163.4,136.1,0
P00243,58.0,Male,East,,107.5,237.3,69.3,0
P00244,63.0,Female,East,25.2,117.3,167.1,85.2,0
P00245,32.0,Female,East,27.5,112.8,161.8,109.0,0
P00246,45.0,Male,East,18.4,111.4,192.6,70.1,0
P00247,43.0,Female,West,33.4,136.7,214.0,62.7,1
P00248,,Male,East,,101.4,,60.0,0
P00249,76.0,Female,North,27.1,146.1,230.8,118.0,1
P00250,,Male,South,20.5,134.4,208.6,86.4,1
P00251,31.0,Female,North,23.1,138.4,113.8,173.2,0
P00252,64.0,Female,South,,115.1,171.5,75.1,0
P00253,82.0,Male,South,23.0,119.8,170.3,77.0,1
P00254,65.0,Female,North,23.3,100.5,206.8,85.9,0
P00255,27.0,Female,South,23.3,114.1,,106.1,0
P00256,43.0,Female,North,,129.4,279.2,,0
P00257,69.0,Female,West,20.5,141.4,208.6,115.3,1
P00258,39.0,Female,West,27.1,105.4,195.2,,0
P00259,57.0,Male,North,32.1,233.0,231.4,,1
P00260,62.0,Male,West,23.4,119.7,,60.0,1
P00261,36.0,Female,South,22.4,101.1,220.5,60.0,0
P00262,,Male,North,24.8,130.9,223.2,87.0,0
P00263,18.0,Female,North,31.9,111.1,194.6,92.5,0
P00264,,Female,South,27.0,119.1,,84.2,1
P00265,46.0,Male,East,23.3,115.2,173.3,131.1,0
P00266,,Male,East,28.4,110.2,161.1,130.7,1
P00267,74.0,Female,North,20.5,121.9,166.0,91.6,1
P00268,29.0,Male,North,29.4,118.8,142.7,60.0,0
P00269,43.0,Female,South,28.0,116.4,187.3,85.8,0
P00270,52.0,Male,North,24.5,111.1,131.0,,0
P00271,72.0,Female,North,21.8,126.8,196.7,,1
P00272,28.0,Male,North,21.6,146.8,188.7,82.6,0
P00273,67.0,Female,West,28.7,124.1,195.1,83.7,0
P00274,50.0,Male,West,32.1,136.9,171.7,90.3,0
P00275,35.0,,South,22.8,101.1,297.7,84.1,1
P00276,57.0,Male,West,28.3,124.4,237.6,105.2,1
P00277,53.0,Female,South,15.6,105.5,146.4,109.0,0
P00278,41.0,Female,South,23.1,99.8,198.2,77.2,0
P00279,51.0,Male,North,25.8,110.9,168.7,131.8,0
P00280,44.0,Male,East,,139.9,154.5,75.5,0
P00281,52.0,Male,West,,136.3,143.1,,0
P00282,60.0,Female,East,22.7,125.6,205.1,109.5,0
P00283,74.0,Female,South,27.5,99.0,166.2,79.6,0
P00284,31.0,Female,East,25.1,119.1,,,0
P00285,82.0,Male,North,14.8,126.5,224.8,60.0,1
P00286,21.0,Male,West,15.4,124.6,238.1,134.8,0
P00287,48.0,Female,South,23.0,94.3,160.2,116.8,0
P00288,59.0,Male,South,28.3,108.6,206.6,,0
P00289,54.0,Female,East,12.3,121.0,212.1,63.0,0
P00290,41.0,Male,East,23.5,130.0,173.4,141.8,0
P00291,47.0,Female,North,,89.1,163.0,81.6,0
P00292,43.0,Male,East,32.9,119.6,246.3,79.1,1
P00293,,Male,North,,124.1,198.0,60.0,0
P00294,63.0,Female,East,27.9,134.7,212.3,91.2,1
P00295,55.0,Female,West,26.7,132.4,161.2,94.3,1
P00296,40.0,Female,West,15.3,130.7,147.3,,1
P00297,63.0,Male,East,,110.0,170.1,65.0,0
P00298,55.0,Male,South,27.1,93.4,185.7,62.0,0
P00299,62.0,Female,North,28.5,116.1,152.8,,0
P00300,59.0,Female,East,45.6,137.0,189.7,125.2,1
P00301,38.0,Male,North,15.6,142.9,130.9,60.7,0
P00302,42.0,Male,South,34.6,132.7,150.8,127.0,0
P00303,61.0,Male,North,24.6,128.4,213.5,,1
P00304,59.0,Female,North,27.4,127.7,211.1,127.3,0
P00305,50.0,,East,25.8,113.7,176.3,98.2,1
P00306,52.0,Male,North,,120.0,154.4,60.0,0
P00307,69.0,Male,East,23.2,147.0,154.0,96.2,1
P00308,41.0,,South,27.6,107.9,176.9,126.5,0
P00309,58.0,Male,North,,146.2,212.6,77.7,0
P00310,47.0,Female,South,29.8,117.2,222.5,90.3,1
P00311,47.0,Male,North,23.9,141.9,,95.6,0
P00312,66.0,Female,North,,100.9,,60.0,0
P00313,62.0,Male,East,,130.8,199.4,,0
P00314,62.0,Female,North,32.3,110.9,161.2,,0
P00315,70.0,Female,West,23.3,100.8,171.9,112.6,0
P00316,50.0,Female,North,27.8,125.3,236.4,97.8,1
P00317,60.0,Female,North,22.3,137.1,218.9,,1
P00318,45.0,Male,East,29.8,109.3,449.4,400.0,1
P00319,55.0,,South,29.4,99.5,145.5,94.1,1
P00320,48.0,Female,North,35.2,120.6,197.4,77.7,0
P00321,51.0,Female,South,25.1,120.7,227.2,119.9,0
P00322,59.0,Female,North,29.3,130.2,176.9,60.0,1
P00323,38.0,Female,West,26.5,136.2,237.3,,1
P00324,81.0,,South,,121.1,235.2,72.5,1
P00325,35.0,Male,East,22.4,149.8,248.2,131.3,1
P00326,32.0,Male,West,,125.4,,104.0,0
P00327,67.0,,South,25.0,116.8,210.6,,1
P00328,62.0,Female,West,9.2,97.8,239.5,102.0,0
P00329,59.0,Male,South,26.5,118.1,205.7,60.0,0
P00330,59.0,Female,West,27.3,117.0,172.5,78.5,0
P00331,50.0,,North,25.4,136.4,174.3,116.8,1
P00332,37.0,Female,East,27.1,128.9,198.3,,0
P00333,51.0,Male,South,33.9,104.3,,129.5,0
P00334,40.0,Male,South,,124.6,185.0,110.1,0
P00335,65.0,Female,East,30.3,132.1,228.4,75.8,0
P00336,48.0,Male,East,,144.9,113.3,80.1,0
P00337,38.0,Female,North,72.6,135.3,,102.6,1
P00338,45.0,Female,North,30.8,269.5,229.3,60.0,0
P00339,,Female,East,30.4,122.9,173.9,141.8,1
P00340,42.0,Male,East,33.4,127.8,209.0,111.0,1
P00341,38.0,,West,23.0,140.7,190.1,130.7,1
P00342,54.0,Male,East,24.9,102.0,233.0,,0
P00343,54.0,Female,West,17.8,116.8,224.4,131.1,0
P00344,42.0,Female,East,24.0,110.4,141.0,155.8,0
P00345,43.0,Female,North,31.0,127.7,210.6,67.0,0
P00346,53.0,Female,North,23.7,140.5,182.8,119.3,1
P00347,28.0,Female,East,29.2,113.0,192.9,100.0,1
P00348,29.0,Female,East,25.0,86.1,164.5,61.4,0
P00349,39.0,Male,North,27.6,115.8,251.2,112.3,0
P00350,47.0,Female,South,20.3,262.4,226.4,120.8,1
P00351,55.0,Male,West,26.4,130.1,164.1,85.0,0
P00352,72.0,Female,South,12.0,128.4,143.3,129.1,1
P00353,63.0,Female,South,25.1,117.8,176.5,60.0,0
P00354,48.0,Female,South,17.8,102.8,,62.6,0
P00355,50.0,Male,North,32.0,129.7,198.4,103.4,0
P00356,35.0,Male,South,29.9,109.5,233.9,100.6,1
P00357,50.0,Male,South,28.3,154.8,,,0
P00358,,Male,,33.6,130.6,223.9,,1
P00359,55.0,Male,East,21.3,113.3,201.4,113.3,0
P00360,38.0,Female,South,34.7,112.8,141.4,121.5,0
P00361,58.0,Female,West,30.7,120.6,183.2,96.9,1
P00362,,Male,West,24.8,118.4,227.1,,1
P00363,48.0,Male,North,31.7,138.8,188.2,88.9,1
P00364,56.0,,East,20.5,124.8,,151.3,1
P00365,60.0,Female,South,21.9,111.0,178.8,362.8,1
P00366,44.0,Female,West,23.0,150.4,154.0,152.6,1
P00367,53.0,Female,North,23.4,122.7,185.7,100.9,1
P00368,50.0,Male,East,20.7,133.5,200.8,65.6,0
P00369,51.0,Female,East,32.1,112.9,167.1,134.2,1
P00370,38.0,Female,North,24.7,127.4,181.8,103.1,1
P00371,50.0,Male,,27.8,126.7,157.1,121.3,0
P00372,57.0,Female,East,23.1,93.7,229.2,130.6,1
P00373,72.0,Male,East,16.9,152.2,,108.4,1
P00374,64.0,Female,South,27.4,141.4,240.8,85.2,1
P00375,82.0,Male,East,16.4,116.0,243.5,124.4,0
P00376,38.0,Female,South,25.7,105.5,187.2,100.0,0
P00377,63.0,Female,East,19.2,127.2,154.7,117.1,1
P00378,53.0,Female,North,35.9,123.3,117.0,,1
P00379,83.0,Female,West,8.1,127.3,,111.2,1
P00380,38.0,Male,North,26.5,124.9,141.9,84.0,0
P00381,37.0,Male,South,32.3,129.6,238.2,141.3,1
P00382,41.0,Male,North,21.8,143.7,194.1,115.6,1
P00383,18.0,Male,North,28.7,130.5,203.6,106.0,1
P00384,42.0,Female,South,27.0,106.3,112.3,112.2,0
P00385,39.0,Male,North,,142.4,148.1,,0
P00386,52.0,Female,West,,146.6,,140.6,1
P00387,55.0,Female,North,29.7,169.3,200.0,149.8,1
P00388,78.0,Female,South,27.4,105.1,184.8,109.8,0
P00389,64.0,Male,South,17.7,125.6,209.8,,0
P00390,,Female,North,21.2,90.8,247.3,85.8,0
P00391,37.0,Female,North,25.4,130.3,182.3,80.1,0
P00392,57.0,Male,South,26.5,113.8,192.4,101.0,1
P00393,30.0,Female,South,20.3,150.9,196.7,110.9,0
P00394,77.0,Female,South,38.1,110.4,273.7,90.2,1
P00395,68.0,Male,South,33.6,96.7,116.5,113.4,1
P00396,43.0,Female,East,29.0,114.9,213.9,107.7,1
P00397,24.0,Male,North,26.4,92.4,186.0,75.0,0
P00398,70.0,Male,South,24.9,133.3,209.8,,1
P00399,48.0,Male,West,21.2,91.0,167.0,121.6,0
P00400,69.0,Male,South,26.4,122.4,188.3,,1
P00401,26.0,Male,East,8.5,90.8,,128.8,1
P00402,,Male,South,19.8,117.2,299.0,69.6,0
P00403,50.0,Female,East,27.7,146.7,218.3,111.7,1
P00404,51.0,Female,East,25.2,127.4,160.3,70.7,0
P00405,43.0,Female,South,,109.0,175.2,72.1,0
P00406,59.0,Male,West,21.7,121.5,174.1,84.2,0
P00407,34.0,Male,North,23.9,122.3,,76.4,0
P00408,48.0,Female,North,35.4,129.1,178.4,86.3,0
P00409,52.0,Male,East,28.8,101.5,215.6,,1
P00410,58.0,Male,West,19.3,130.9,145.4,120.9,1
P00411,61.0,Female,North,28.4,81.4,,,1
P00412,33.0,Male,North,,112.6,207.1,60.4,1
P00413,27.0,Female,North,31.4,114.7,164.3,128.5,1
P00414,69.0,Female,North,23.6,131.5,185.0,79.1,1
P00415,55.0,Male,East,,122.3,245.9,98.5,1
P00416,39.0,Male,South,32.6,100.9,215.7,,1
P00417,73.0,Female,South,19.6,107.2,190.3,105.0,1
P00418,52.0,Male,,,125.0,181.7,127.4,1
P00419,68.0,Male,North,23.1,120.8,192.7,,0
P00420,51.0,Female,North,31.2,113.3,172.1,78.5,0
P00421,81.0,Male,East,18.4,114.8,116.3,154.5,1
P00422,76.0,Female,West,12.0,132.4,261.5,104.9,0
P00423,46.0,Female,West,23.7,114.2,,96.3,1
P00424,65.0,Male,North,28.8,120.7,203.9,124.1,1
P00425,60.0,Male,West,32.0,154.5,188.0,106.2,1
P00426,71.0,Male,East,23.7,235.7,164.3,110.0,0
P00427,36.0,,East,23.9,94.2,183.5,162.3,0
P00428,60.0,Male,South,31.8,133.8,134.0,93.1,0
P00429,66.0,Female,South,,111.8,269.7,92.1,1
P00430,24.0,Male,South,24.1,117.2,146.8,,0
P00431,32.0,Female,North,,110.3,153.9,126.8,0
P00432,19.0,Female,North,60.2,118.1,174.6,62.3,0
P00433,,Female,North,,146.0,235.1,,0
P00434,61.0,Female,South,26.2,134.0,190.5,85.3,1
P00435,73.0,Male,East,13.6,134.9,146.7,,0
P00436,51.0,Female,South,22.7,100.8,233.9,89.4,0
P00437,74.0,Female,North,28.3,104.7,215.6,112.6,1
P00438,,Male,West,21.1,80.0,208.8,77.7,0
P00439,24.0,Male,,26.3,109.9,,64.3,1
P00440,49.0,,East,28.2,136.4,273.8,,1
P00441,56.0,Male,West,24.3,129.8,266.5,121.6,0
P00442,50.0,Male,South,26.9,118.7,166.0,60.0,0
P00443,19.0,Male,West,21.2,121.7,246.8,120.5,0
P00444,49.0,Male,North,25.0,111.7,203.4,120.4,0
P00445,30.0,Female,South,29.1,125.1,207.5,123.9,1
P00446,60.0,Female,North,26.8,133.5,,130.5,0
P00447,55.0,Female,North,23.1,97.8,184.0,155.1,1
P00448,36.0,Male,North,27.1,126.5,161.6,91.1,0
P00449,42.0,Male,East,29.6,136.0,219.0,102.7,1
P00450,34.0,Male,East,15.8,115.8,227.5,89.6,0
P00451,49.0,,East,31.8,132.5,117.4,,0
P00452,64.0,Male,North,24.3,164.2,189.2,138.3,1
P00453,35.0,Female,West,28.1,120.4,229.3,411.0,0
P00454,58.0,Male,East,32.0,127.9,183.5,78.5,0
P00455,42.0,Female,South,19.1,110.9,215.5,,1
P00456,38.0,Male,East,22.5,124.7,202.3,125.5,1
P00457,48.0,Male,,69.8,128.9,202.0,90.9,1
P00458,34.0,,South,22.1,124.9,,,0
P00459,42.0,Female,West,34.7,106.7,,108.5,0
P00460,32.0,Female,North,21.7,125.1,150.7,137.5,0
P00461,79.0,Female,South,23.2,143.9,214.8,101.9,1
P00462,51.0,Male,West,27.0,128.7,190.7,125.6,1
P00463,40.0,Male,East,20.0,136.4,185.2,166.1,1
P00464,53.0,Female,North,,118.4,175.2,115.0,1
P00465,48.0,Male,North,27.6,133.2,179.3,101.2,1
P00466,47.0,Female,North,24.3,126.2,226.6,118.1,1
P00467,59.0,Male,East,25.5,107.7,,90.9,0
P00468,61.0,Male,South,23.4,126.8,143.1,,1
P00469,42.0,Male,North,18.4,107.1,216.0,104.5,0
P00470,41.0,Male,West,27.6,112.5,182.8,93.2,0
P00471,46.0,Female,South,34.8,124.8,191.1,79.1,0
P00472,18.0,Male,North,26.1,126.5,246.3,127.4,1
P00473,27.0,Male,South,27.1,104.2,,121.7,1
P00474,71.0,Male,East,29.5,137.8,200.1,87.6,0
P00475,75.0,Male,North,19.7,130.6,,114.4,1
P00476,46.0,Female,North,34.5,111.4,182.3,62.3,0
P00477,59.0,Female,West,,98.9,211.3,104.6,0
P00478,55.0,Female,South,34.2,119.8,135.6,111.3,1
P00479,90.0,Female,South,22.3,115.3,197.0,142.7,1
P00480,67.0,Male,South,35.1,123.7,193.5,,1
P00481,48.0,Female,North,29.9,116.6,191.4,68.0,1
P00482,36.0,,North,28.8,233.9,226.3,77.6,1
P00483,26.0,Male,South,27.2,116.2,201.7,66.6,0
P00484,53.0,Female,North,24.8,117.4,,133.4,1
P00485,39.0,Male,North,32.0,131.5,155.2,138.7,1
P00486,29.0,Female,West,26.7,111.5,194.8,108.0,1
P00487,40.0,Male,West,16.2,147.2,193.0,130.5,0
P00488,34.0,Female,East,20.4,93.3,152.6,103.3,0
P00489,75.0,Female,West,25.1,141.7,,97.6,1
P00490,63.0,Female,North,27.5,118.6,,91.7,0
P00491,50.0,Female,,25.7,134.9,189.4,92.2,1
P00492,72.0,Female,North,32.1,123.2,207.7,61.3,0
P00493,51.0,Male,West,66.9,139.1,193.0,106.6,0
P00494,37.0,Female,West,26.7,116.2,165.0,99.0,1
P00495,73.0,Male,East,16.9,105.5,126.3,118.6,0
P00496,58.0,Female,West,29.8,143.3,165.3,102.3,1
P00497,34.0,Female,East,,120.3,141.3,95.9,0
P00498,47.0,Female,North,28.1,125.3,249.6,78.2,1
P00499,37.0,Male,South,21.7,140.5,,,1
P00500,29.0,Male,East,32.4,106.5,,118.5,0
P00501,64.0,Female,North,31.2,130.9,,71.4,1
P00502,,Male,East,28.9,241.3,,102.2,1
P00503,29.0,Male,West,25.4,120.0,163.2,105.8,0
P00504,58.0,Male,North,28.9,123.1,192.4,82.0,0
P00505,40.0,Female,East,22.5,99.5,226.0,85.3,0
P00506,43.0,Female,West,30.3,110.3,207.6,105.8,0
P00507,41.0,Male,West,34.2,142.3,,,1
P00508,37.0,Male,West,31.4,135.3,192.7,,0
P00509,51.0,,South,22.4,121.1,204.0,77.6,1
P00510,38.0,Female,West,27.8,125.6,197.1,126.6,0
P00511,54.0,Female,,19.5,117.6,154.0,158.4,0
P00512,49.0,Male,North,,142.3,191.6,78.5,0
P00513,46.0,Male,South,28.3,119.0,152.4,113.4,0
P00514,36.0,,East,16.7,125.5,192.8,81.8,0
P00515,41.0,,North,20.2,139.2,173.2,126.0,0
P00516,61.0,Female,East,24.6,110.3,278.9,68.4,1
P00517,58.0,Male,,24.5,145.4,188.6,112.0,1
P00518,35.0,Male,North,20.0,99.0,,357.1,0
P00519,51.0,Male,East,27.9,146.4,185.3,94.8,1
P00520,61.0,Female,East,27.3,116.4,208.2,74.2,0
P00521,25.0,Male,South,25.0,118.4,248.6,120.6,1
P00522,58.0,Female,North,,93.6,169.4,79.1,0
P00523,40.0,Female,North,31.2,115.2,134.6,,0
P00524,59.0,Male,South,34.3,106.4,218.6,91.4,1
P00525,39.0,Male,West,23.6,112.9,141.7,97.1,0
P00526,23.0,Male,North,22.9,119.9,174.7,103.7,0
P00527,,Female,East,28.5,136.4,181.0,81.0,0
P00528,51.0,Female,North,24.2,125.1,187.6,105.3,0
P00529,54.0,,South,25.3,126.6,214.1,,1
P00530,36.0,Female,West,29.7,105.6,166.1,80.5,0
P00531,60.0,Male,East,16.5,108.8,180.4,129.3,0
P00532,25.0,Female,,32.6,149.0,189.5,137.5,1
P00533,49.0,Female,South,26.4,111.0,195.2,79.6,0
P00534,32.0,Male,North,23.9,146.8,193.4,63.6,1
P00535,40.0,Female,South,25.6,118.4,205.3,107.5,0
P00536,51.0,Female,East,25.8,122.0,219.5,86.3,0
P00537,37.0,Female,North,17.3,138.1,203.7,146.7,1
P00538,44.0,Female,,33.5,141.1,443.5,100.9,1
P00539,65.0,Female,South,26.2,120.3,134.6,79.9,0
P00540,41.0,Female,West,28.2,116.2,191.8,71.3,0
P00541,63.0,Male,West,30.8,121.2,206.8,127.2,1
P00542,33.0,Male,North,20.9,127.1,215.5,85.7,0
P00543,58.0,Female,East,28.4,135.4,165.8,101.1,0
P00544,72.0,Male,South,24.7,122.1,166.9,123.9,1
P00545,18.0,Male,South,30.2,131.3,169.9,87.9,0
P00546,38.0,Male,East,15.4,146.6,208.8,98.9,1
P00547,59.0,Male,,25.5,127.7,226.2,99.6,1
P00548,47.0,Female,West,23.0,126.7,175.7,117.1,0
P00549,56.0,Female,East,28.2,99.2,,114.8,1
P00550,41.0,Male,South,28.4,82.5,194.3,94.5,0
P00551,51.0,,East,22.5,127.8,185.6,403.4,1
P00552,48.0,Male,North,,120.6,182.6,90.7,0
P00553,68.0,Female,East,,114.3,216.1,63.1,1
P00554,,Female,South,21.5,125.7,201.4,106.4,0
P00555,55.0,Male,East,30.2,121.1,269.7,147.3,1
P00556,44.0,Female,North,24.2,138.9,160.2,77.9,1
P00557,43.0,Female,North,12.0,123.3,208.1,80.7,0
P00558,44.0,,,24.1,110.8,171.5,78.2,0
P00559,56.0,Female,North,20.8,136.9,159.6,118.1,0
P00560,44.0,Male,South,17.8,118.7,189.6,111.2,0
P00561,54.0,,North,19.8,129.9,194.8,96.0,1
P00562,81.0,Male,North,26.5,114.8,,77.0,1
P00563,63.0,Female,North,,112.3,183.6,102.3,0
P00564,45.0,Female,North,27.6,123.3,150.4,60.9,0
P00565,68.0,Female,West,23.0,122.2,199.6,,1
P00566,44.0,Female,North,28.3,129.2,117.4,121.8,0
P00567,19.0,Male,,23.7,118.0,186.8,68.7,0
P00568,35.0,Female,East,22.5,94.5,190.6,61.7,0
P00569,22.0,Female,South,20.2,115.5,217.8,139.5,0
P00570,45.0,Female,East,17.2,133.9,224.1,84.7,0
P00571,50.0,Male,South,24.1,117.5,172.4,128.4,1
P00572,75.0,Male,East,26.8,118.3,,96.2,1
P00573,55.0,Male,North,25.5,136.8,163.2,96.0,1
P00574,47.0,Female,South,23.9,111.3,150.5,111.0,0
P00575,62.0,Female,West,21.3,98.9,200.8,77.9,0
P00576,,Male,,29.0,119.6,145.4,103.3,0
P00577,,Female,West,19.4,114.7,175.5,90.5,0
P00578,62.0,Female,South,29.9,107.5,155.2,67.0,0
P00579,28.0,Female,East,,119.4,209.2,,1
P00580,67.0,Female,South,22.2,129.4,253.1,93.4,1
P00581,,Female,South,18.7,121.9,144.4,96.1,1
P00582,44.0,Female,,23.5,126.6,125.1,69.7,0
P00583,59.0,Male,East,,149.2,185.6,139.8,1
P00584,84.0,Female,North,28.6,116.9,190.5,121.9,1
P00585,53.0,Female,South,30.9,126.2,197.7,124.1,1
P00586,54.0,Female,West,28.6,114.4,,437.4,0
P00587,43.0,Female,North,20.5,109.3,183.0,60.0,0
P00588,37.0,Female,North,24.3,113.2,202.9,148.8,0
P00589,62.0,Male,North,22.1,114.8,226.4,98.5,1
P00590,37.0,Male,West,,127.4,121.6,81.3,0
P00591,51.0,Male,South,20.0,157.2,177.1,110.4,0
P00592,43.0,Male,South,30.5,111.3,197.5,129.2,1
P00593,57.0,Female,West,30.5,115.8,157.9,99.4,0
P00594,55.0,Female,West,35.1,121.1,,132.0,0
P00595,66.0,Male,,24.0,127.9,167.8,,1
P00596,42.0,Male,East,29.6,126.0,188.6,73.1,0
P00597,46.0,Female,East,37.4,141.3,209.5,83.2,1
P00598,35.0,Male,East,22.9,85.6,169.3,123.9,1
P00599,43.0,Female,North,18.3,86.2,125.4,60.0,0
P00600,56.0,Female,West,16.6,114.6,175.0,96.3,0
P00601,61.0,Female,South,29.6,138.5,226.0,,1
P00602,36.0,Male,North,16.6,98.5,178.2,88.1,0
P00603,63.0,Male,South,24.1,80.0,160.4,92.5,1
P00604,,Female,North,28.2,130.6,222.4,91.0,0
P00605,56.0,Female,North,26.9,267.1,178.4,,0
P00606,78.0,Male,East,,105.6,172.1,72.6,0
P00607,38.0,Female,North,27.1,107.2,195.2,157.3,1
P00608,31.0,Male,,32.4,107.5,217.0,146.7,0
P00609,23.0,Female,South,21.2,123.7,273.4,70.9,0
P00610,,Male,North,22.6,112.6,219.0,139.6,1
P00611,60.0,Female,West,22.1,129.4,230.6,90.0,1
P00612,49.0,Male,North,30.2,80.0,172.3,103.2,1
P00613,54.0,Male,South,30.5,109.1,154.1,98.4,0
P00614,33.0,Male,South,28.3,105.1,192.2,83.5,1
P00615,87.0,Male,,,118.2,193.8,124.6,1
P00616,52.0,Female,North,20.1,113.9,,103.1,0
P00617,52.0,Female,East,34.3,134.0,183.9,88.1,0
P00618,61.0,Male,West,33.6,94.1,,67.4,0
P00619,,Male,North,,122.7,202.6,77.7,0
P00620,53.0,Female,East,34.9,130.4,207.7,60.0,1
P00621,38.0,Female,East,17.7,149.8,200.2,100.3,0
P00622,57.0,Female,West,23.4,114.8,172.3,70.1,1
P00623,78.0,Male,South,22.3,126.9,172.0,93.4,0
P00624,70.0,Male,,29.6,94.9,148.0,134.3,0
P00625,74.0,Female,South,20.7,86.1,252.5,130.0,1
P00626,42.0,Male,East,29.8,134.7,190.5,99.2,0
P00627,35.0,,West,32.9,121.9,182.1,97.8,0
P00628,48.0,Male,North,29.5,139.7,157.5,147.0,1
P00629,51.0,Female,South,,101.4,292.7,113.0,1
P00630,66.0,Male,West,21.1,129.8,152.4,91.8,0
P00631,25.0,Female,West,21.8,150.0,175.0,64.3,0
P00632,73.0,Male,West,32.2,128.3,204.6,109.8,1
P00633,48.0,,East,29.9,126.1,211.0,120.7,1
P00634,44.0,Male,South,25.8,122.1,223.5,84.2,1
P00635,35.0,Female,East,,98.4,,107.3,0
P00636,25.0,Female,East,,142.3,207.7,90.9,1
P00637,62.0,Female,North,20.6,112.8,153.0,95.4,0
P00638,51.0,Female,South,35.6,129.6,181.0,60.0,1
P00639,31.0,Female,East,19.6,98.6,200.8,94.5,0
P00640,31.0,Female,North,26.9,104.3,445.2,124.2,1
P00641,45.0,Male,East,31.0,143.5,,84.2,0
P00642,75.0,Female,East,,116.8,232.1,101.3,1
P00643,46.0,Male,West,26.9,143.8,196.3,81.1,0
P00644,27.0,Male,North,30.7,120.8,219.3,109.0,0
P00645,,Male,North,26.1,94.4,186.4,,1
P00646,46.0,Male,East,40.3,135.4,160.5,76.5,0
P00647,18.0,,North,17.7,113.2,216.3,133.3,0
P00648,49.0,Female,East,31.3,132.5,212.9,123.2,1
P00649,47.0,Female,East,25.1,122.4,224.0,84.9,1
P00650,60.0,Female,North,29.9,98.9,189.5,112.4,0
P00651,78.0,Male,South,28.2,124.5,169.0,113.4,1
P00652,67.0,Male,South,22.3,154.9,135.4,116.1,1
P00653,46.0,Male,South,27.1,129.4,218.7,60.0,0
P00654,33.0,Male,West,16.7,121.1,204.8,125.2,0
P00655,89.0,Male,West,29.0,138.1,156.2,85.8,1
P00656,51.0,Male,East,27.5,125.2,171.1,91.1,0
P00657,50.0,Female,,29.2,125.1,173.7,165.9,1
P00658,50.0,Female,South,31.3,105.6,138.1,107.5,1
P00659,53.0,Female,West,27.8,125.5,161.4,90.3,1
P00660,48.0,Female,East,,137.5,150.3,60.0,1
P00661,41.0,Female,East,21.6,109.5,175.6,134.7,0
P00662,,Male,West,22.4,143.4,164.1,66.4,0
P00663,50.0,Female,North,10.5,120.6,133.1,74.9,0
P00664,42.0,Female,West,33.2,108.7,260.8,91.7,1
P00665,39.0,Male,North,24.8,137.0,233.8,135.4,1
P00666,52.0,Male,South,26.2,117.7,162.7,119.3,0
P00667,46.0,Female,South,21.5,133.4,199.5,96.1,1
P00668,73.0,Male,,31.9,117.6,204.6,107.7,1
P00669,18.0,Female,West,29.3,121.1,231.7,,0
P00670,66.0,Female,East,,129.4,161.3,103.5,0
P00671,69.0,Male,East,21.6,126.4,228.2,101.8,1
P00672,19.0,Male,East,24.1,92.1,43.4,,0
P00673,45.0,Male,West,27.2,105.2,143.2,124.2,0
P00674,44.0,Male,South,29.2,135.9,51.2,112.3,0
P00675,,Male,South,24.9,120.0,235.2,90.9,0
P00676,38.0,Female,North,21.6,114.1,280.6,,1
P00677,33.0,Male,East,30.4,101.6,148.0,97.7,0
P00678,76.0,Female,East,29.6,105.8,214.5,73.0,0
P00679,,Male,South,21.4,91.7,175.7,89.9,1
P00680,69.0,Female,North,32.8,120.5,217.4,102.1,1
P00681,61.0,Male,West,31.9,113.0,,122.8,0
P00682,33.0,Male,,26.7,107.5,145.8,95.4,0
P00683,42.0,Female,East,26.4,121.0,162.8,69.8,0
P00684,57.0,Female,West,28.8,127.5,192.8,101.4,1
P00685,32.0,Male,South,,153.4,167.6,102.8,0
P00686,61.0,Female,North,26.2,99.3,,104.6,1
P00687,46.0,Male,East,15.2,139.4,225.9,123.0,1
P00688,44.0,Male,West,30.4,136.6,,,1
P00689,61.0,Male,South,18.2,110.3,246.7,85.1,1
P00690,57.0,,West,33.5,125.0,204.6,84.6,0
P00691,45.0,Female,North,24.3,115.1,147.4,74.0,0
P00692,67.0,Male,South,24.9,124.8,237.7,117.5,1
P00693,34.0,Male,East,22.9,144.6,168.8,136.2,1
P00694,,,West,24.6,131.1,221.9,92.1,1
P00695,59.0,Female,North,33.1,129.6,245.1,94.0,0
P00696,,Male,West,13.6,115.5,206.0,136.7,0
P00697,55.0,Female,East,32.4,99.7,137.6,112.6,0
P00698,31.0,Male,South,,118.9,157.9,110.9,0
P00699,64.0,Female,North,20.0,140.1,236.3,70.2,1
P00700,,Female,West,20.6,99.1,184.1,117.0,0
P00701,42.0,Female,North,34.4,106.2,192.8,76.8,0
P00702,66.0,Male,South,21.3,123.9,216.6,71.6,0
P00703,39.0,,North,,107.2,214.4,91.3,0
P00704,29.0,,,,110.1,199.8,85.4,1
P00705,27.0,Male,East,27.7,115.6,182.7,94.5,0
P00706,59.0,,East,21.3,101.5,,64.0,0
P00707,31.0,Female,North,27.1,107.4,41.6,124.0,0
P00708,76.0,Male,East,20.9,132.6,209.4,128.2,1
P00709,19.0,Male,East,,102.4,181.0,60.0,0
P00710,75.0,,West,31.3,98.0,227.9,124.5,0
P00711,53.0,Male,West,28.7,112.5,185.5,79.7,1
P00712,49.0,Female,North,27.8,133.0,160.2,121.4,1
P00713,42.0,Male,East,34.8,119.0,163.4,98.3,0
P00714,56.0,Male,North,26.0,115.0,155.7,100.7,0
P00715,49.0,Male,South,10.4,122.7,180.5,95.4,0
P00716,67.0,Male,North,28.2,95.8,233.2,130.3,1
P00717,52.0,Female,South,36.4,129.4,161.8,69.0,0
P00718,,Male,South,20.9,127.8,196.6,115.2,0
P00719,,Female,,24.2,115.9,167.0,127.5,0
P00720,49.0,Male,South,28.1,137.1,180.9,117.9,1
P00721,55.0,,East,25.7,105.1,137.1,158.1,0
P00722,24.0,Female,South,66.8,138.9,182.3,86.8,1
P00723,30.0,Male,North,31.6,124.3,183.2,123.9,1
P00724,,Female,East,37.6,248.7,208.9,,0
P00725,53.0,Female,North,27.0,121.7,,,1
P00726,,Female,South,21.5,120.4,148.1,99.8,0
P00727,50.0,Female,East,18.3,140.3,227.9,,0
P00728,55.0,Male,South,27.3,105.8,197.4,132.7,1
P00729,42.0,Male,North,31.5,110.6,196.9,87.7,1
P00730,38.0,Male,South,28.4,137.5,189.7,64.7,1
P00731,53.0,Female,West,26.0,113.1,171.9,87.1,1
P00732,35.0,Female,East,23.1,135.5,197.6,115.5,1
P00733,56.0,Male,East,20.5,147.5,206.6,134.8,0
P00734,24.0,Female,East,30.2,116.0,128.9,102.8,0
P00735,65.0,Male,North,30.6,132.2,171.1,133.0,1
P00736,57.0,,South,18.3,104.7,181.1,66.0,0
P00737,54.0,Male,East,,133.3,199.0,88.9,1
P00738,65.0,Female,North,28.9,125.0,231.8,92.8,1
P00739,75.0,Female,North,33.0,129.1,163.0,97.1,1
P00740,65.0,Male,North,9.1,112.3,172.6,102.1,0
P00741,22.0,Male,South,19.2,97.1,172.1,117.3,0
P00742,31.0,Male,West,25.3,129.5,161.9,88.9,0
P00743,41.0,Male,North,28.5,91.0,177.8,103.5,0
P00744,50.0,Male,South,35.0,117.2,217.0,98.9,1
P00745,,Female,North,29.5,136.1,153.1,76.9,0
P00746,39.0,,West,24.8,124.9,205.0,,1
P00747,53.0,Female,North,20.9,151.2,130.4,96.4,1
P00748,39.0,Male,South,32.2,137.4,170.4,384.6,0
P00749,41.0,Female,East,21.2,112.2,178.5,100.8,0
P00750,29.0,Female,East,34.1,122.4,248.6,101.9,0
P00751,36.0,Male,South,24.6,121.3,180.4,89.2,0
P00752,30.0,Female,South,34.0,98.3,113.0,131.8,0
P00753,35.0,Female,South,29.4,107.9,,70.8,0
P00754,66.0,,North,25.3,113.6,191.2,82.0,1
P00755,36.0,Male,North,23.4,91.5,211.5,169.5,0
P00756,,Male,South,24.3,122.7,203.1,74.1,1
P00757,57.0,Male,North,28.1,118.3,195.9,66.2,0
P00758,53.0,Female,North,26.4,96.9,230.7,118.4,1
P00759,37.0,Female,,,128.1,171.1,60.0,1
P00760,61.0,Female,West,25.2,132.7,221.3,94.1,1
P00761,41.0,Male,East,26.4,125.4,,153.6,1
P00762,52.0,Male,North,,117.1,158.3,61.4,0
P00763,88.0,Female,North,28.3,130.9,126.8,60.0,0
P00764,49.0,Female,West,21.1,132.2,180.4,62.5,1
P00765,67.0,Male,North,20.2,126.6,188.4,122.5,0
P00766,39.0,Female,North,17.6,109.6,194.0,128.1,1
P00767,49.0,Female,East,17.0,126.1,192.2,87.2,1
P00768,77.0,Male,,19.2,139.9,157.5,117.1,0
P00769,41.0,Male,East,22.5,113.1,183.3,134.8,1
P00770,77.0,Female,North,35.8,153.5,137.6,144.7,1
P00771,61.0,Male,North,23.4,114.1,237.7,93.8,1
P00772,42.0,Male,West,26.9,122.5,179.4,60.0,0
P00773,59.0,Male,North,28.0,111.9,172.9,79.5,0
P00774,65.0,Male,East,26.7,125.3,245.6,89.3,1
P00775,59.0,Female,East,25.6,95.9,146.5,442.5,0
P00776,26.0,Female,East,63.7,113.8,150.6,95.3,0
P00777,39.0,Male,South,33.3,105.6,60.4,128.0,0
P00778,46.0,,North,35.0,124.0,187.6,366.4,0
P00779,49.0,Female,East,17.6,136.9,205.1,381.0,1
P00780,59.0,Female,West,20.9,131.7,215.9,127.5,1
P00781,53.0,Male,West,24.6,86.4,280.0,108.9,1
P00782,,Male,North,21.2,152.6,111.3,101.6,0
P00783,56.0,Female,North,28.5,126.4,211.3,122.7,1
P00784,59.0,Female,West,22.4,110.4,170.5,101.8,1
P00785,58.0,Male,East,36.8,124.4,169.5,151.4,1
P00786,66.0,Male,West,32.0,124.6,168.3,,1
P00787,63.0,Male,North,27.1,112.0,158.2,87.1,0
P00788,57.0,Female,East,31.1,125.0,249.0,96.8,0
P00789,49.0,Female,East,31.5,112.9,219.5,111.0,1
P00790,25.0,Male,East,23.2,115.9,190.8,131.7,0
P00791,56.0,Male,South,21.9,111.7,237.3,99.4,0
P00792,53.0,Female,North,,100.5,137.1,64.4,0
P00793,54.0,Female,East,30.3,124.2,143.4,121.1,1
P00794,31.0,Male,North,26.7,130.8,113.8,422.6,0
P00795,34.0,Female,South,18.1,129.7,165.5,,0
P00796,66.0,Female,West,22.0,134.3,195.7,99.9,1
P00797,49.0,,South,25.6,126.9,193.6,60.2,0
P00798,60.0,Female,West,,114.0,195.2,83.4,0
P00799,50.0,Male,North,35.9,134.6,140.6,77.4,0
P00800,50.0,Female,East,19.1,101.6,218.1,388.4,0
P00801,64.0,Female,West,28.5,108.5,198.4,102.9,1
P00802,42.0,Female,,33.4,107.5,215.7,67.9,0
P00803,51.0,Female,North,37.4,138.2,123.8,122.0,1
P00804,,Male,South,24.0,136.1,200.9,64.2,1
P00805,43.0,Female,North,28.5,129.3,148.4,108.3,0
P00806,45.0,Female,East,66.9,138.1,,79.6,1
P00807,53.0,Male,West,27.0,108.8,208.7,,0
P00808,,Female,South,25.5,127.2,193.2,112.6,0
P00809,69.0,Female,North,28.2,120.1,160.2,113.0,0
P00810,37.0,Male,South,13.3,134.7,190.2,,1
P00811,47.0,Female,East,29.4,120.3,,97.9,0
P00812,43.0,Female,,26.6,116.2,230.3,107.7,1
P00813,72.0,Male,East,24.9,130.1,182.8,89.1,0
P00814,53.0,Female,East,36.2,135.1,229.1,,1
P00815,65.0,Male,East,22.6,112.0,171.6,111.0,1
P00816,28.0,Male,North,,121.1,171.7,97.5,0
P00817,,Male,East,36.0,106.1,163.3,60.0,0
P00818,63.0,,North,21.8,84.5,220.7,108.3,1
P00819,51.0,Female,North,23.2,125.0,165.2,109.1,1
P00820,66.0,Male,West,25.3,131.1,212.6,83.0,0
P00821,42.0,Male,,30.2,125.9,176.6,67.9,1
P00822,,,North,27.0,92.8,120.8,136.9,0
P00823,84.0,Male,North,19.5,116.7,170.0,112.3,1
P00824,,Female,North,23.3,88.7,148.7,94.3,0
P00825,,Female,North,23.0,142.5,,71.6,0
P00826,72.0,Female,North,,105.7,148.3,79.5,0
P00827,74.0,Female,North,28.1,140.8,222.4,132.6,1
P00828,42.0,Male,South,28.1,136.2,186.8,103.4,1
P00829,44.0,Female,East,17.1,108.5,183.8,86.2,0
P00830,46.0,Female,East,31.3,105.0,,112.7,1
P00831,,Female,East,27.3,127.3,223.7,79.6,0
P00832,36.0,Male,,32.9,109.3,189.3,137.5,0
P00833,35.0,Female,West,28.2,123.5,163.0,133.8,1
P00834,38.0,Male,West,,114.8,127.9,88.3,0
P00835,49.0,Male,West,28.3,95.3,166.0,84.3,0
P00836,54.0,Male,West,32.7,88.5,168.4,60.0,0
P00837,73.0,Female,West,28.6,125.4,,63.0,1
P00838,35.0,,South,25.5,113.6,177.9,66.5,0
P00839,65.0,Female,North,37.4,113.7,214.1,103.4,1
P00840,,Female,East,30.4,132.4,168.5,91.8,1
P00841,49.0,Male,East,28.9,139.6,188.0,66.4,0
P00842,60.0,Female,East,19.6,117.9,231.4,93.0,1
P00843,33.0,Male,South,19.6,116.9,202.0,112.6,0
P00844,56.0,Female,North,27.5,129.5,187.9,113.2,1
P00845,,Female,South,26.7,101.6,168.9,60.0,1
P00846,57.0,Female,West,22.9,125.3,167.8,,1
P00847,54.0,Female,East,26.7,130.3,61.4,65.4,0
P00848,87.0,Male,South,33.9,132.2,171.1,122.5,1
P00849,40.0,Male,North,29.5,92.9,216.4,119.6,0
P00850,42.0,Female,South,20.3,110.6,182.2,,1
P00851,41.0,Male,West,25.4,108.8,142.8,80.8,0
P00852,42.0,Male,East,22.0,123.5,,88.5,0
P00853,,Male,East,24.1,129.2,201.2,60.0,1
P00854,68.0,,South,23.9,144.5,140.8,108.4,0
P00855,71.0,Male,East,23.6,114.6,174.5,,0
P00856,41.0,Male,North,19.7,114.5,193.9,124.3,1
P00857,38.0,Female,East,25.4,139.2,249.7,72.5,0
P00858,57.0,,South,23.2,126.4,151.2,84.5,1
P00859,42.0,Male,South,12.0,141.0,224.2,62.3,0
P00860,59.0,Male,East,36.3,126.3,,74.9,0
P00861,53.0,Male,West,31.4,104.6,168.0,70.5,0
P00862,27.0,Male,North,24.1,102.0,,124.9,1
P00863,73.0,Male,West,26.1,98.7,153.7,82.5,0
P00864,77.0,Female,North,,131.9,182.9,103.1,0
P00865,41.0,Female,South,34.5,139.8,188.7,90.5,0
P00866,44.0,Female,North,,149.7,,68.3,1
P00867,54.0,Male,South,26.8,134.6,,95.8,0
P00868,55.0,Female,South,31.1,139.4,163.8,115.0,0
P00869,60.0,Male,North,26.9,113.3,121.1,69.8,1
P00870,80.0,,South,19.3,104.7,189.3,120.2,0
P00871,47.0,Female,West,23.9,134.8,200.3,78.8,0
P00872,38.0,Male,North,26.7,128.3,198.7,87.9,0
P00873,,Female,East,23.7,123.6,178.6,113.3,0
P00874,39.0,Male,South,24.9,127.8,194.4,83.4,1
P00875,50.0,Female,East,,126.8,243.0,100.9,1
P00876,77.0,Male,North,25.6,141.3,203.4,92.1,1
P00877,42.0,Male,North,26.3,141.4,176.9,103.2,0
P00878,53.0,Female,North,20.7,130.2,172.5,60.0,1
P00879,50.0,Male,North,22.4,134.7,184.1,60.0,0
P00880,,Female,North,19.6,129.7,247.3,115.4,1
P00881,88.0,,East,30.9,115.1,,125.9,0
P00882,,Female,,15.5,133.3,189.3,77.2,0
P00883,43.0,Female,West,31.8,101.1,173.1,,1
P00884,66.0,Female,East,32.9,137.8,228.5,107.4,1
P00885,60.0,Male,North,24.5,104.1,258.6,117.3,1
P00886,78.0,Male,North,13.0,126.3,205.8,60.0,0
P00887,59.0,Male,South,63.7,109.3,192.9,77.8,0
P00888,45.0,Male,North,25.7,130.3,191.3,91.7,0
P00889,59.0,Female,South,,121.5,,117.6,0
P00890,67.0,Female,South,,98.1,216.1,162.5,1
P00891,62.0,Female,South,33.7,128.3,194.7,94.3,1
P00892,58.0,Female,South,29.3,231.8,205.0,64.8,1
P00893,66.0,Female,West,21.4,135.2,165.1,110.1,1
P00894,68.0,Female,East,18.0,122.0,176.5,133.0,1
P00895,71.0,Male,South,24.4,127.9,175.6,102.7,0
P00896,60.0,Female,West,24.9,107.6,225.8,77.3,0
P00897,47.0,Female,West,28.5,113.2,176.7,,0
P00898,52.0,Female,South,,115.1,262.9,116.6,1
P00899,68.0,Male,South,28.6,134.9,205.1,,0
P00900,38.0,Male,South,35.7,147.2,,109.5,0
P00901,56.0,Male,West,30.1,109.9,185.5,124.9,0
P00902,44.0,Female,West,25.8,138.2,167.2,129.5,1
P00903,50.0,Female,North,25.1,89.5,113.2,98.3,0
P00904,69.0,Male,South,,104.1,246.0,91.0,1
P00905,53.0,Female,,31.9,107.6,214.6,130.7,1
P00906,51.0,Male,South,22.9,101.7,208.7,69.7,0
P00907,30.0,Male,North,26.2,98.2,195.8,111.0,1
P00908,61.0,Male,West,26.3,128.2,141.6,65.7,0
P00909,60.0,Female,East,23.5,118.8,173.1,126.6,0
P00910,82.0,Female,West,19.1,127.7,219.5,93.5,0
P00911,45.0,Male,West,27.6,132.4,153.2,131.7,1
P00912,,Female,East,25.7,126.0,101.4,112.3,0
P00913,54.0,Male,,28.5,131.9,182.1,69.4,0
P00914,74.0,Female,East,23.3,121.0,185.0,135.6,1
P00915,49.0,Female,North,32.1,104.2,194.7,138.8,1
P00916,,Female,East,21.6,137.9,215.5,122.1,1
P00917,,Male,North,34.6,113.2,212.3,81.0,1
P00918,53.0,Female,East,,108.0,,92.3,0
P00919,43.0,Female,North,28.2,119.3,231.8,103.6,0
P00920,53.0,Male,North,28.4,108.3,136.8,82.4,0
P00921,,Female,North,22.0,115.7,207.7,142.3,1
P00922,35.0,Male,North,28.1,127.2,211.9,103.6,0
P00923,52.0,Female,East,32.4,127.2,482.1,60.0,0
P00924,39.0,Male,East,14.9,108.5,137.4,108.5,0
P00925,68.0,Female,South,28.5,114.7,163.9,91.3,1
P00926,27.0,Female,North,13.5,138.1,166.8,98.1,0
P00927,,Male,North,21.2,129.4,,,0
P00928,56.0,Male,North,34.1,153.1,168.5,120.2,1
P00929,73.0,Male,,23.1,139.7,160.0,128.0,1
P00930,49.0,Male,West,20.1,139.2,168.6,107.1,0
P00931,42.0,Male,North,,101.2,229.2,,1
P00932,,Female,South,36.3,133.5,190.5,99.0,1
P00933,28.0,Male,North,16.8,121.2,,100.5,0
P00934,18.0,Male,North,20.7,113.7,186.1,79.9,0
P00935,57.0,Female,South,,124.5,235.2,114.5,1
P00936,42.0,Male,East,35.3,136.2,163.8,111.5,1
P00937,35.0,Female,North,25.5,129.5,68.1,138.5,1
P00938,61.0,Female,North,19.8,108.8,197.4,131.4,0
P00939,54.0,Female,South,36.5,133.1,,82.9,0
P00940,42.0,Female,North,34.0,112.4,277.5,120.5,0
P00941,31.0,Female,North,29.4,125.3,153.1,76.2,0
P00942,63.0,Male,West,21.9,117.4,177.6,117.4,0
P00943,60.0,Male,East,25.8,118.7,146.9,87.1,0
P00944,49.0,Male,East,25.2,133.5,223.3,74.4,0
P00945,78.0,Female,,27.7,106.4,249.1,107.0,1
P00946,,,South,33.3,151.2,248.4,60.0,1
P00947,27.0,Female,South,,94.7,232.8,60.0,0
P00948,40.0,Female,East,20.6,113.0,183.1,,1
P00949,49.0,,East,32.9,127.6,177.2,,1
P00950,54.0,Female,North,,130.8,131.5,90.8,0
P00951,46.0,Male,South,29.4,120.5,,,1
P00952,55.0,Female,South,33.3,248.7,206.4,79.6,0
P00953,31.0,Female,West,20.4,128.2,,109.8,1
P00954,72.0,Male,East,25.8,118.5,236.5,114.5,1
P00955,49.0,Male,South,23.3,142.9,156.0,99.6,1
P00956,,Female,North,18.2,134.6,204.2,128.9,1
P00957,55.0,Female,East,27.7,135.1,184.0,109.9,0
P00958,57.0,Female,North,38.6,107.5,212.4,81.3,0
P00959,59.0,Female,South,,120.8,187.8,93.0,1
P00960,57.0,Female,North,25.8,117.5,139.2,64.9,0
P00961,60.0,Female,East,29.2,106.9,192.6,97.3,1
P00962,70.0,Male,North,26.6,127.4,226.7,127.8,1
P00963,53.0,Male,South,25.4,113.9,189.0,117.1,0
P00964,61.0,Male,West,19.5,131.8,217.1,135.1,1
P00965,49.0,Female,North,27.2,105.9,488.6,92.4,0
P00966,72.0,Female,South,22.2,147.8,189.1,133.7,0
P00967,40.0,Female,South,15.1,108.6,168.1,95.2,0
P00968,77.0,Male,North,32.0,125.3,216.1,,1
P00969,49.0,Female,East,30.8,133.9,191.1,99.5,1
P00970,29.0,Female,North,26.3,113.4,214.2,117.7,0
P00971,52.0,Female,South,,134.8,,136.9,1
P00972,40.0,Female,East,31.4,103.6,214.2,95.2,0
P00973,63.0,Male,East,,264.4,199.6,105.5,1
P00974,40.0,Female,East,30.5,122.2,155.1,132.2,0
P00975,43.0,Male,North,24.5,113.1,189.9,96.7,0
P00976,22.0,Male,North,32.6,117.5,171.3,67.0,0
P00977,,Male,East,27.6,134.1,178.0,153.6,0
P00978,18.0,Female,South,27.0,113.2,176.9,88.3,1
P00979,26.0,Female,West,19.6,110.8,155.7,104.0,0
P00980,61.0,Female,West,27.4,118.7,121.5,128.9,0
P00981,62.0,Female,,9.4,104.3,166.6,84.8,0
P00982,56.0,Female,South,22.8,149.3,196.8,74.8,0
P00983,35.0,Female,South,21.9,113.5,142.8,106.3,0
P00984,49.0,Male,East,20.7,134.5,190.5,60.0,0
P00985,50.0,,South,36.6,125.1,256.5,92.8,1
P00986,33.0,Male,North,32.7,107.2,225.8,106.1,1
P00987,73.0,Male,West,35.6,121.9,247.5,93.3,1
P00988,63.0,Male,,19.9,133.8,203.7,61.4,1
P00989,47.0,Male,South,26.4,119.2,230.9,139.9,1
P00990,50.0,Male,North,19.5,139.9,164.7,102.6,0
P00991,53.0,Female,South,22.5,137.3,167.4,135.8,0
P00992,19.0,Male,West,,135.8,,93.5,0
P00993,46.0,Male,West,32.2,115.1,231.5,78.0,1
P00994,40.0,Male,North,24.0,105.8,243.9,,1
P00995,35.0,Female,North,31.3,112.8,170.6,94.6,0
P00996,46.0,Male,West,29.0,124.9,,70.6,1
P00997,77.0,Male,,37.5,130.2,163.6,136.7,1
P00998,60.0,Female,South,18.6,89.4,203.4,84.4,0
P00999,41.0,Male,West,32.3,121.9,229.4,60.0,1
P01000,59.0,Male,North,31.7,124.4,129.0,,0
